case_id,category,expected_fault,evidence_present,flags_raised,flag_count,details
NET-001,VLAN,VLAN configuration is incorrect,yes,none,0,
NET-002,VLAN,Switchport is assigned to the wrong access VLAN,yes,none,0,
NET-003,VLAN,Trunk configuration is incorrect,yes,none,0,
NET-004,VLAN,Required VLAN is missing,no,none,0,
NET-005,VLAN,Switchport mode is incorrect,yes,none,0,
NET-006,Gateway,PC0 has an incorrect default gateway,yes,none,0,
NET-007,Gateway,PC0 default gateway is missing,no,none,0,
NET-008,Gateway,Router LAN interface has an incorrect IP address,no,none,0,
NET-009,DHCP,DHCP pool network is incorrect,yes,none,0,
NET-010,DHCP,DHCP excluded-address range covers the client subnet,yes,none,0,
NET-011,DHCP,ip helper-address is missing on Router0 G0/0,yes,none,0,
NET-012,DHCP,DHCP pool default-router option is incorrect,yes,none,0,
NET-013,DNS,PC0 DNS server is incorrectly configured,yes,none,0,
NET-014,DNS,DNS service is disabled,no,none,0,
NET-015,DNS,Required DNS record is missing,no,none,0,
NET-016,Routing,Static route to 192.168.40.0/24 is missing,yes,missing_route,1,Routing gap found: Gateway of last resort is not set
NET-017,Routing,Static route next hop is incorrect,yes,missing_route,1,Routing gap found: Gateway of last resort is not set
NET-018,Routing,OSPF network statement for 192.168.40.0/24 is missing,yes,none,0,
NET-019,Routing,Router2 G0/0 has an incorrect subnet mask,no,none,0,
NET-020,ACL,Extended ACL denies traffic from 192.168.20.0/24 to 192.168.40.0/24,yes,none,0,
NET-021,ACL,ACL is applied in the wrong interface/direction,yes,none,0,
NET-022,ACL,Required permit statement is missing; implicit deny blocks traffic,yes,none,0,
NET-023,NAT,NAT inside/outside roles are reversed,yes,none,0,
NET-024,NAT,NAT ACL does not match the actual inside subnet,yes,none,0,
NET-025,NAT,NAT overload rule is missing,no,none,0,
NET-026,Wireless,AP SSID does not match the client SSID,yes,none,0,
NET-027,Wireless,WPA2-PSK credentials do not match,no,none,0,
NET-028,Wireless,AP switchport is assigned to the wrong VLAN,yes,none,0,
NET-029,Wireless,Wireless interface is disabled,no,none,0,
NET-030,Wireless,Wireless DHCP pool/service is unavailable,yes,none,0,
